dt,open,high,low,close,volume
2023-07-24 00:00:00+09:00,8430.0,8430.0,8000.0,8070.0,99036.0
2023-07-25 00:00:00+09:00,8130.0,8170.0,7800.0,7840.0,96724.0
2023-07-26 00:00:00+09:00,7790.0,7790.0,7390.0,7470.0,139128.0
2023-07-27 00:00:00+09:00,7480.0,7930.0,7480.0,7850.0,24877.0
2023-07-28 00:00:00+09:00,7770.0,8050.0,7770.0,8010.0,22186.0
2023-07-31 00:00:00+09:00,8210.0,8210.0,7910.0,8020.0,21496.0
2023-08-01 00:00:00+09:00,7910.0,8040.0,7910.0,8010.0,17386.0
2023-08-02 00:00:00+09:00,7940.0,8190.0,7890.0,7940.0,32300.0
2023-08-03 00:00:00+09:00,7930.0,7970.0,7760.0,7970.0,34618.0
2023-08-04 00:00:00+09:00,7970.0,8400.0,7970.0,8200.0,46433.0
2023-08-07 00:00:00+09:00,8200.0,8270.0,7950.0,8050.0,33825.0
2023-08-08 00:00:00+09:00,7990.0,8040.0,7760.0,7790.0,57264.0
2023-08-09 00:00:00+09:00,7790.0,7850.0,7760.0,7830.0,25321.0
2023-08-10 00:00:00+09:00,7900.0,8420.0,7820.0,8260.0,99327.0
2023-08-11 00:00:00+09:00,8390.0,8390.0,8170.0,8260.0,27845.0
2023-08-14 00:00:00+09:00,8230.0,8460.0,8110.0,8340.0,54854.0
2023-08-16 00:00:00+09:00,8270.0,8300.0,7970.0,7980.0,54796.0
2023-08-17 00:00:00+09:00,8000.0,8260.0,7920.0,8200.0,90868.0
2023-08-18 00:00:00+09:00,8200.0,8620.0,8120.0,8120.0,111751.0
2023-08-21 00:00:00+09:00,8300.0,8360.0,8160.0,8200.0,75080.0
2023-08-22 00:00:00+09:00,8200.0,8290.0,7950.0,8010.0,63609.0
2023-08-23 00:00:00+09:00,7910.0,8150.0,7910.0,7980.0,27644.0
2023-08-24 00:00:00+09:00,7940.0,8100.0,7840.0,7900.0,41993.0
2023-08-25 00:00:00+09:00,7900.0,8330.0,7740.0,7880.0,27152.0
2023-08-28 00:00:00+09:00,7900.0,7970.0,7820.0,7900.0,16276.0
2023-08-29 00:00:00+09:00,7900.0,7990.0,7840.0,7860.0,21667.0
2023-08-30 00:00:00+09:00,7870.0,7940.0,7820.0,7820.0,23700.0
2023-08-31 00:00:00+09:00,7820.0,7880.0,7770.0,7820.0,22591.0
2023-09-01 00:00:00+09:00,7800.0,7800.0,7670.0,7690.0,66132.0
2023-09-04 00:00:00+09:00,7690.0,7720.0,7570.0,7580.0,34249.0
2023-09-05 00:00:00+09:00,7530.0,7610.0,7500.0,7560.0,40925.0
2023-09-06 00:00:00+09:00,7560.0,7560.0,7490.0,7520.0,13639.0
2023-09-07 00:00:00+09:00,7580.0,7580.0,7440.0,7480.0,20923.0
2023-09-08 00:00:00+09:00,7450.0,7560.0,7410.0,7550.0,16199.0
2023-09-11 00:00:00+09:00,7540.0,7600.0,7510.0,7540.0,18941.0
2023-09-12 00:00:00+09:00,7550.0,7600.0,7480.0,7520.0,15329.0
2023-09-13 00:00:00+09:00,7520.0,7540.0,7220.0,7400.0,36508.0
2023-09-14 00:00:00+09:00,7370.0,7440.0,7360.0,7420.0,19411.0
2023-09-15 00:00:00+09:00,7360.0,7540.0,7360.0,7530.0,17508.0
2023-09-18 00:00:00+09:00,7520.0,7580.0,7480.0,7550.0,12288.0
2023-09-19 00:00:00+09:00,7580.0,7600.0,7470.0,7530.0,11809.0
2023-09-20 00:00:00+09:00,7570.0,7590.0,7470.0,7500.0,3084.0
2023-09-21 00:00:00+09:00,7500.0,7500.0,7290.0,7300.0,30006.0
2023-09-22 00:00:00+09:00,7280.0,7400.0,7150.0,7350.0,24404.0
2023-09-25 00:00:00+09:00,7380.0,7460.0,7270.0,7380.0,17035.0
2023-09-26 00:00:00+09:00,7310.0,7430.0,7200.0,7290.0,14982.0
2023-09-27 00:00:00+09:00,7250.0,7370.0,7220.0,7360.0,12560.0
2023-10-04 00:00:00+09:00,7360.0,7360.0,7070.0,7070.0,20461.0
2023-10-05 00:00:00+09:00,7170.0,7210.0,6870.0,6990.0,38802.0
2023-10-06 00:00:00+09:00,6900.0,7170.0,6900.0,7130.0,8559.0
2023-10-10 00:00:00+09:00,7130.0,7190.0,7060.0,7100.0,7229.0
2023-10-11 00:00:00+09:00,7020.0,7200.0,7010.0,7130.0,20164.0
2023-10-12 00:00:00+09:00,7090.0,7210.0,7090.0,7150.0,15689.0
2023-10-13 00:00:00+09:00,7130.0,7190.0,7090.0,7090.0,22241.0
2023-10-16 00:00:00+09:00,7110.0,7110.0,7000.0,7000.0,20532.0
2023-10-17 00:00:00+09:00,7010.0,7180.0,7010.0,7110.0,7379.0
2023-10-18 00:00:00+09:00,7110.0,7170.0,7060.0,7140.0,6317.0
2023-10-19 00:00:00+09:00,7030.0,7130.0,6960.0,7040.0,20834.0
2023-10-20 00:00:00+09:00,7030.0,7040.0,6850.0,6930.0,26638.0
2023-10-23 00:00:00+09:00,6860.0,6990.0,6800.0,6930.0,21019.0
2023-10-24 00:00:00+09:00,6900.0,7050.0,6870.0,7040.0,9536.0
2023-10-25 00:00:00+09:00,7050.0,7200.0,7000.0,7150.0,6688.0
2023-10-26 00:00:00+09:00,7100.0,7150.0,6830.0,6860.0,31864.0
2023-10-27 00:00:00+09:00,6950.0,6990.0,6850.0,6860.0,10302.0
2023-10-30 00:00:00+09:00,6880.0,6950.0,6840.0,6920.0,5723.0
2023-10-31 00:00:00+09:00,6990.0,7000.0,6790.0,6820.0,12279.0
2023-11-01 00:00:00+09:00,6820.0,6920.0,6820.0,6890.0,3894.0
2023-11-02 00:00:00+09:00,6950.0,7020.0,6880.0,6920.0,8683.0
2023-11-03 00:00:00+09:00,6930.0,7080.0,6930.0,7010.0,12589.0
2023-11-06 00:00:00+09:00,7100.0,7170.0,7000.0,7100.0,15675.0
2023-11-07 00:00:00+09:00,7100.0,7110.0,6770.0,6950.0,63040.0
2023-11-08 00:00:00+09:00,6930.0,7100.0,6930.0,7090.0,23429.0
2023-11-09 00:00:00+09:00,7120.0,7140.0,6600.0,6670.0,88784.0
2023-11-10 00:00:00+09:00,6680.0,6700.0,6300.0,6400.0,137274.0
2023-11-13 00:00:00+09:00,6410.0,6500.0,6040.0,6160.0,145005.0
2023-11-14 00:00:00+09:00,6140.0,6230.0,6140.0,6210.0,31875.0
2023-11-15 00:00:00+09:00,6210.0,6380.0,6180.0,6340.0,59850.0
2023-11-16 00:00:00+09:00,6340.0,6430.0,6260.0,6350.0,30757.0
2023-11-17 00:00:00+09:00,6320.0,6340.0,6200.0,6280.0,41338.0
2023-11-20 00:00:00+09:00,6280.0,6370.0,6280.0,6370.0,27123.0
2023-11-21 00:00:00+09:00,6350.0,6410.0,6320.0,6400.0,14403.0
2023-11-22 00:00:00+09:00,6360.0,6430.0,6300.0,6390.0,51178.0
2023-11-23 00:00:00+09:00,6350.0,6390.0,6330.0,6360.0,28699.0
2023-11-24 00:00:00+09:00,6390.0,6390.0,6230.0,6300.0,40513.0
2023-11-27 00:00:00+09:00,6300.0,6300.0,6240.0,6290.0,11999.0
2023-11-28 00:00:00+09:00,6250.0,6330.0,6220.0,6270.0,18262.0
2023-11-29 00:00:00+09:00,6250.0,6290.0,6210.0,6250.0,32969.0
2023-11-30 00:00:00+09:00,6230.0,6300.0,6220.0,6250.0,22289.0
2023-12-01 00:00:00+09:00,6250.0,6300.0,6190.0,6280.0,23783.0
2023-12-04 00:00:00+09:00,6250.0,6390.0,6250.0,6320.0,27140.0
2023-12-05 00:00:00+09:00,6300.0,6360.0,6270.0,6270.0,23092.0
2023-12-06 00:00:00+09:00,6270.0,6350.0,6240.0,6300.0,22329.0
2023-12-07 00:00:00+09:00,6310.0,6480.0,6310.0,6480.0,25120.0
2023-12-08 00:00:00+09:00,6500.0,6510.0,6410.0,6500.0,12581.0
2023-12-11 00:00:00+09:00,6860.0,6860.0,6440.0,6660.0,45321.0
2023-12-12 00:00:00+09:00,6660.0,6710.0,6520.0,6570.0,29126.0
2023-12-13 00:00:00+09:00,6590.0,6590.0,6490.0,6510.0,19444.0
2023-12-14 00:00:00+09:00,6530.0,6600.0,6490.0,6500.0,24796.0
2023-12-15 00:00:00+09:00,6500.0,6600.0,6480.0,6590.0,86089.0
2023-12-18 00:00:00+09:00,6610.0,6680.0,6520.0,6620.0,16096.0
2023-12-19 00:00:00+09:00,6680.0,6700.0,6600.0,6670.0,12657.0
2023-12-20 00:00:00+09:00,6670.0,6730.0,6640.0,6700.0,13628.0
2023-12-21 00:00:00+09:00,6730.0,6770.0,6660.0,6710.0,18839.0
2023-12-22 00:00:00+09:00,6750.0,6760.0,6680.0,6720.0,9335.0
2023-12-26 00:00:00+09:00,6720.0,6760.0,6650.0,6710.0,13273.0
2023-12-27 00:00:00+09:00,6700.0,6700.0,6530.0,6550.0,17145.0
2023-12-28 00:00:00+09:00,6600.0,6610.0,6500.0,6550.0,15984.0
2024-01-02 00:00:00+09:00,6600.0,6860.0,6600.0,6800.0,40161.0
2024-01-03 00:00:00+09:00,6800.0,6810.0,6640.0,6740.0,28118.0
2024-01-04 00:00:00+09:00,6730.0,6730.0,6610.0,6630.0,33050.0
2024-01-05 00:00:00+09:00,6630.0,6630.0,6560.0,6600.0,22994.0
2024-01-08 00:00:00+09:00,6600.0,6660.0,6560.0,6640.0,24227.0
2024-01-09 00:00:00+09:00,6650.0,6680.0,6580.0,6640.0,21629.0
2024-01-10 00:00:00+09:00,6640.0,6820.0,6600.0,6730.0,41196.0
2024-01-11 00:00:00+09:00,6710.0,6780.0,6650.0,6750.0,16357.0
2024-01-12 00:00:00+09:00,6730.0,6730.0,6510.0,6560.0,61663.0
2024-01-15 00:00:00+09:00,6620.0,6620.0,6530.0,6560.0,27237.0
2024-01-16 00:00:00+09:00,6560.0,6560.0,6470.0,6490.0,23464.0
2024-01-17 00:00:00+09:00,6510.0,6510.0,6360.0,6400.0,46556.0
2024-01-18 00:00:00+09:00,6360.0,6430.0,6360.0,6400.0,13774.0
2024-01-19 00:00:00+09:00,6410.0,6480.0,6360.0,6420.0,27249.0
2024-01-22 00:00:00+09:00,6400.0,6500.0,6350.0,6430.0,31560.0
2024-01-23 00:00:00+09:00,6400.0,6560.0,6360.0,6500.0,22392.0
2024-01-24 00:00:00+09:00,6500.0,6520.0,6430.0,6480.0,16460.0
2024-01-25 00:00:00+09:00,6540.0,6540.0,6400.0,6410.0,47920.0
2024-01-26 00:00:00+09:00,6510.0,6510.0,6400.0,6470.0,33449.0
2024-01-29 00:00:00+09:00,6490.0,6570.0,6430.0,6540.0,46861.0
2024-01-30 00:00:00+09:00,6540.0,6660.0,6510.0,6540.0,42676.0
2024-01-31 00:00:00+09:00,6540.0,6560.0,6470.0,6500.0,27861.0
2024-02-01 00:00:00+09:00,6500.0,6690.0,6480.0,6590.0,40810.0
2024-02-02 00:00:00+09:00,6610.0,6820.0,6610.0,6800.0,30231.0
2024-02-05 00:00:00+09:00,6830.0,6830.0,6730.0,6820.0,18740.0
2024-02-06 00:00:00+09:00,6820.0,6820.0,6720.0,6770.0,15037.0
2024-02-07 00:00:00+09:00,6780.0,6790.0,6600.0,6760.0,15939.0
2024-02-08 00:00:00+09:00,6750.0,6790.0,6740.0,6790.0,20693.0
2024-02-13 00:00:00+09:00,6790.0,6970.0,6780.0,6960.0,32484.0
2024-02-14 00:00:00+09:00,6940.0,7010.0,6830.0,6990.0,28834.0
2024-02-15 00:00:00+09:00,6990.0,7020.0,6970.0,7000.0,15447.0
2024-02-16 00:00:00+09:00,7000.0,7010.0,6920.0,6970.0,21327.0
2024-02-19 00:00:00+09:00,6970.0,7130.0,6920.0,7050.0,37249.0
2024-02-20 00:00:00+09:00,7050.0,7120.0,7030.0,7050.0,27552.0
2024-02-21 00:00:00+09:00,7050.0,7110.0,7040.0,7080.0,18737.0
2024-02-22 00:00:00+09:00,7090.0,7090.0,6980.0,7030.0,35414.0
2024-02-23 00:00:00+09:00,7020.0,7190.0,7020.0,7100.0,24011.0
2024-02-26 00:00:00+09:00,7100.0,7100.0,7040.0,7090.0,22488.0
2024-02-27 00:00:00+09:00,7090.0,7090.0,7010.0,7050.0,25246.0
2024-02-28 00:00:00+09:00,7010.0,7150.0,7010.0,7150.0,50706.0
2024-02-29 00:00:00+09:00,7150.0,7150.0,7050.0,7060.0,14581.0
2024-03-04 00:00:00+09:00,7090.0,7140.0,7060.0,7070.0,13403.0
2024-03-05 00:00:00+09:00,7180.0,7210.0,7030.0,7100.0,24696.0
2024-03-06 00:00:00+09:00,7090.0,7190.0,7030.0,7130.0,14952.0
2024-03-07 00:00:00+09:00,7110.0,7280.0,7110.0,7240.0,31833.0
2024-03-08 00:00:00+09:00,7280.0,7280.0,7170.0,7220.0,26902.0
2024-03-11 00:00:00+09:00,7270.0,7420.0,7180.0,7390.0,74354.0
2024-03-12 00:00:00+09:00,7390.0,7430.0,7260.0,7310.0,26289.0
2024-03-13 00:00:00+09:00,7310.0,7310.0,7220.0,7300.0,31634.0
2024-03-14 00:00:00+09:00,7300.0,7510.0,7270.0,7430.0,75399.0
2024-03-15 00:00:00+09:00,7400.0,7400.0,7270.0,7300.0,107646.0
2024-03-18 00:00:00+09:00,7210.0,7310.0,7210.0,7250.0,46599.0
2024-03-19 00:00:00+09:00,7220.0,7330.0,7200.0,7280.0,32987.0
2024-03-20 00:00:00+09:00,7280.0,7310.0,7220.0,7250.0,18845.0
2024-03-21 00:00:00+09:00,7300.0,7560.0,7280.0,7470.0,70769.0
2024-03-22 00:00:00+09:00,7510.0,7600.0,7460.0,7600.0,25489.0
2024-03-25 00:00:00+09:00,7530.0,7600.0,7430.0,7540.0,15060.0
2024-03-26 00:00:00+09:00,7540.0,7730.0,7460.0,7570.0,41391.0
2024-03-27 00:00:00+09:00,7570.0,7660.0,7520.0,7560.0,18926.0
2024-03-28 00:00:00+09:00,7550.0,7720.0,7510.0,7530.0,46003.0
2024-03-29 00:00:00+09:00,7640.0,7640.0,7460.0,7540.0,25656.0
2024-04-01 00:00:00+09:00,7460.0,7590.0,7460.0,7470.0,24412.0
2024-04-02 00:00:00+09:00,7580.0,7910.0,7300.0,7690.0,214187.0
2024-04-03 00:00:00+09:00,7690.0,7690.0,7550.0,7600.0,50967.0
2024-04-04 00:00:00+09:00,7700.0,7880.0,7640.0,7830.0,158647.0
2024-04-05 00:00:00+09:00,7790.0,7910.0,7680.0,7900.0,111218.0
2024-04-08 00:00:00+09:00,7820.0,7940.0,7820.0,7880.0,52512.0
2024-04-09 00:00:00+09:00,7880.0,8010.0,7840.0,7960.0,66599.0
2024-04-11 00:00:00+09:00,7950.0,8100.0,7850.0,7970.0,95837.0
2024-04-12 00:00:00+09:00,7950.0,8000.0,7930.0,7930.0,104120.0
2024-04-15 00:00:00+09:00,7890.0,7900.0,7550.0,7700.0,158068.0
2024-04-16 00:00:00+09:00,7610.0,7700.0,7260.0,7430.0,146660.0
2024-04-17 00:00:00+09:00,7480.0,7920.0,7470.0,7700.0,124269.0
2024-04-18 00:00:00+09:00,7800.0,8060.0,7710.0,8010.0,78767.0
2024-04-19 00:00:00+09:00,7990.0,8070.0,7730.0,7980.0,101880.0
2024-04-22 00:00:00+09:00,7930.0,8040.0,7810.0,7860.0,112984.0
2024-04-23 00:00:00+09:00,7810.0,7940.0,7640.0,7650.0,115712.0
2024-04-24 00:00:00+09:00,7630.0,7820.0,7510.0,7510.0,61074.0
2024-04-25 00:00:00+09:00,7520.0,7530.0,7350.0,7470.0,65804.0
2024-04-26 00:00:00+09:00,7470.0,7500.0,7360.0,7450.0,49995.0
2024-04-29 00:00:00+09:00,7390.0,7690.0,7390.0,7670.0,33453.0
2024-04-30 00:00:00+09:00,7670.0,8070.0,7580.0,7960.0,110555.0
2024-05-02 00:00:00+09:00,7910.0,8090.0,7840.0,7950.0,45934.0
2024-05-03 00:00:00+09:00,7900.0,8090.0,7810.0,7870.0,17535.0
2024-05-07 00:00:00+09:00,7900.0,8120.0,7820.0,8070.0,72034.0
2024-05-08 00:00:00+09:00,8130.0,8130.0,7850.0,7970.0,114636.0
2024-05-09 00:00:00+09:00,7960.0,7960.0,7510.0,7550.0,114713.0
2024-05-10 00:00:00+09:00,7630.0,7650.0,7440.0,7620.0,55509.0
2024-05-13 00:00:00+09:00,7670.0,7680.0,7510.0,7550.0,18632.0
2024-05-14 00:00:00+09:00,7630.0,7630.0,7550.0,7610.0,12503.0
2024-05-16 00:00:00+09:00,7590.0,7660.0,7440.0,7560.0,37617.0
2024-05-17 00:00:00+09:00,7550.0,7670.0,7450.0,7540.0,36491.0
2024-05-20 00:00:00+09:00,7540.0,7840.0,7540.0,7740.0,64925.0
2024-05-21 00:00:00+09:00,7720.0,8000.0,7680.0,7960.0,111894.0
2024-05-22 00:00:00+09:00,7900.0,7990.0,7840.0,7950.0,63973.0
2024-05-23 00:00:00+09:00,7930.0,8010.0,7810.0,7890.0,71144.0
2024-05-24 00:00:00+09:00,7890.0,7890.0,7770.0,7890.0,41831.0
2024-05-27 00:00:00+09:00,7820.0,7820.0,7680.0,7740.0,43531.0
2024-05-28 00:00:00+09:00,7760.0,7870.0,7690.0,7790.0,61405.0
2024-05-29 00:00:00+09:00,7790.0,7900.0,7710.0,7820.0,64036.0
2024-05-30 00:00:00+09:00,7810.0,7810.0,7660.0,7740.0,39659.0
2024-05-31 00:00:00+09:00,7710.0,7790.0,7680.0,7750.0,22000.0
2024-06-03 00:00:00+09:00,7730.0,7770.0,7650.0,7700.0,57681.0
2024-06-04 00:00:00+09:00,7720.0,7770.0,7550.0,7580.0,68423.0
2024-06-05 00:00:00+09:00,7620.0,7660.0,7380.0,7490.0,91190.0
2024-06-07 00:00:00+09:00,7520.0,7540.0,7430.0,7450.0,45442.0
2024-06-10 00:00:00+09:00,7400.0,7500.0,7400.0,7490.0,13877.0
2024-06-11 00:00:00+09:00,7490.0,7560.0,7450.0,7490.0,17327.0
2024-06-12 00:00:00+09:00,7450.0,7560.0,7450.0,7520.0,14870.0
2024-06-13 00:00:00+09:00,7560.0,7560.0,7490.0,7520.0,5919.0
2024-06-14 00:00:00+09:00,7520.0,7520.0,7420.0,7520.0,27539.0
2024-06-17 00:00:00+09:00,7460.0,7550.0,7390.0,7420.0,15348.0
2024-06-18 00:00:00+09:00,7420.0,7420.0,7350.0,7400.0,27099.0
2024-06-19 00:00:00+09:00,7400.0,7490.0,7380.0,7460.0,15503.0
2024-06-20 00:00:00+09:00,7410.0,7490.0,7400.0,7450.0,9759.0
2024-06-21 00:00:00+09:00,7470.0,7470.0,7380.0,7390.0,22416.0
2024-06-24 00:00:00+09:00,7480.0,7480.0,7360.0,7390.0,22688.0
2024-06-25 00:00:00+09:00,7300.0,7390.0,7280.0,7380.0,18242.0
2024-06-26 00:00:00+09:00,7340.0,7410.0,7310.0,7360.0,7694.0
2024-06-27 00:00:00+09:00,7360.0,7470.0,7340.0,7420.0,6493.0
2024-06-28 00:00:00+09:00,7420.0,7470.0,7360.0,7410.0,15547.0
2024-07-01 00:00:00+09:00,7450.0,7450.0,7270.0,7350.0,14267.0
2024-07-02 00:00:00+09:00,7350.0,7380.0,7160.0,7170.0,24763.0
2024-07-03 00:00:00+09:00,7170.0,7250.0,7100.0,7130.0,22028.0
2024-07-04 00:00:00+09:00,7120.0,7130.0,7070.0,7130.0,14829.0
2024-07-05 00:00:00+09:00,7120.0,7200.0,7070.0,7130.0,2182.0
2024-07-08 00:00:00+09:00,7130.0,7200.0,7090.0,7160.0,8203.0
2024-07-09 00:00:00+09:00,7150.0,7160.0,7130.0,7160.0,8097.0
2024-07-10 00:00:00+09:00,7150.0,7180.0,7120.0,7170.0,3469.0
2024-07-11 00:00:00+09:00,7160.0,7320.0,7120.0,7290.0,31788.0
2024-07-12 00:00:00+09:00,7290.0,7320.0,7250.0,7290.0,3372.0
2024-07-15 00:00:00+09:00,7280.0,7290.0,7180.0,7290.0,12124.0
2024-07-16 00:00:00+09:00,7250.0,7320.0,7250.0,7270.0,8222.0
2024-07-17 00:00:00+09:00,7270.0,7310.0,7220.0,7270.0,9342.0
2024-07-18 00:00:00+09:00,7230.0,7280.0,7190.0,7270.0,5138.0
2024-07-19 00:00:00+09:00,7250.0,7250.0,7190.0,7220.0,6360.0
2024-07-22 00:00:00+09:00,7190.0,7190.0,7050.0,7120.0,20994.0
2024-07-23 00:00:00+09:00,7120.0,7170.0,7090.0,7130.0,14842.0
2024-07-24 00:00:00+09:00,7310.0,7500.0,7290.0,7350.0,68489.0
2024-07-25 00:00:00+09:00,7320.0,7390.0,7220.0,7320.0,20241.0
2024-07-26 00:00:00+09:00,7300.0,7350.0,7260.0,7340.0,9207.0
2024-07-29 00:00:00+09:00,7360.0,7380.0,7310.0,7340.0,15080.0
2024-07-30 00:00:00+09:00,7360.0,7370.0,7270.0,7310.0,7167.0
2024-07-31 00:00:00+09:00,7320.0,7340.0,7260.0,7340.0,8509.0
2024-08-01 00:00:00+09:00,7330.0,7370.0,7320.0,7360.0,5705.0
2024-08-02 00:00:00+09:00,7350.0,7350.0,7110.0,7190.0,11029.0
2024-08-05 00:00:00+09:00,7100.0,7100.0,6380.0,6550.0,82624.0
2024-08-06 00:00:00+09:00,6650.0,7270.0,6550.0,7090.0,88598.0
2024-08-07 00:00:00+09:00,7120.0,7650.0,7120.0,7380.0,108602.0
2024-08-08 00:00:00+09:00,7460.0,7560.0,7390.0,7450.0,72726.0
2024-08-09 00:00:00+09:00,7460.0,7610.0,7460.0,7560.0,48052.0
2024-08-12 00:00:00+09:00,7540.0,7640.0,7530.0,7600.0,38722.0
2024-08-13 00:00:00+09:00,7600.0,7600.0,7470.0,7530.0,19318.0
2024-08-14 00:00:00+09:00,7540.0,7560.0,7450.0,7500.0,43684.0
2024-08-16 00:00:00+09:00,7560.0,7560.0,7410.0,7500.0,17080.0
2024-08-19 00:00:00+09:00,7510.0,7600.0,7450.0,7480.0,27061.0
2024-08-20 00:00:00+09:00,7480.0,7550.0,7420.0,7500.0,61837.0
2024-08-21 00:00:00+09:00,7460.0,7600.0,7460.0,7520.0,33391.0
2024-08-22 00:00:00+09:00,7520.0,7590.0,7440.0,7470.0,35019.0
2024-08-23 00:00:00+09:00,7440.0,7540.0,7440.0,7470.0,22809.0
2024-08-26 00:00:00+09:00,7470.0,7530.0,7400.0,7470.0,39055.0
2024-08-27 00:00:00+09:00,7470.0,7490.0,7420.0,7470.0,36353.0
2024-08-28 00:00:00+09:00,7460.0,7460.0,7370.0,7400.0,25009.0
2024-08-29 00:00:00+09:00,7430.0,7430.0,7260.0,7300.0,39999.0
2024-08-30 00:00:00+09:00,7360.0,7360.0,7130.0,7200.0,70312.0
2024-09-02 00:00:00+09:00,7200.0,7320.0,7100.0,7140.0,21076.0
2024-09-03 00:00:00+09:00,7140.0,7220.0,7130.0,7190.0,6410.0
2024-09-04 00:00:00+09:00,7180.0,7260.0,6970.0,7260.0,21575.0
2024-09-05 00:00:00+09:00,7450.0,7770.0,7390.0,7500.0,184071.0
2024-09-06 00:00:00+09:00,7470.0,7530.0,7300.0,7330.0,54610.0
2024-09-09 00:00:00+09:00,7390.0,7730.0,7270.0,7730.0,143893.0
2024-09-10 00:00:00+09:00,7740.0,7740.0,7540.0,7590.0,64938.0
2024-09-11 00:00:00+09:00,7650.0,7650.0,7510.0,7530.0,41603.0
2024-09-12 00:00:00+09:00,7590.0,7610.0,7510.0,7580.0,17516.0
2024-09-13 00:00:00+09:00,7530.0,7590.0,7460.0,7560.0,20958.0
2024-09-19 00:00:00+09:00,7510.0,7590.0,7500.0,7540.0,16096.0
2024-09-20 00:00:00+09:00,7540.0,7640.0,7540.0,7610.0,18804.0
2024-09-23 00:00:00+09:00,7630.0,7840.0,7630.0,7800.0,54398.0
2024-09-24 00:00:00+09:00,7870.0,7910.0,7770.0,7880.0,87006.0
2024-09-25 00:00:00+09:00,7880.0,7900.0,7690.0,7820.0,42093.0
2024-09-26 00:00:00+09:00,7830.0,7890.0,7750.0,7800.0,26509.0
2024-09-27 00:00:00+09:00,7810.0,7850.0,7760.0,7830.0,48189.0
2024-09-30 00:00:00+09:00,7860.0,7900.0,7720.0,7800.0,80060.0
2024-10-02 00:00:00+09:00,7780.0,7800.0,7690.0,7790.0,53100.0
2024-10-04 00:00:00+09:00,7760.0,7820.0,7670.0,7750.0,12212.0
2024-10-07 00:00:00+09:00,7770.0,7860.0,7770.0,7820.0,37869.0
2024-10-08 00:00:00+09:00,7840.0,7940.0,7800.0,7900.0,70868.0
2024-10-10 00:00:00+09:00,7920.0,8020.0,7850.0,7940.0,62779.0
2024-10-11 00:00:00+09:00,7950.0,8070.0,7880.0,7990.0,49337.0
2024-10-14 00:00:00+09:00,7990.0,7990.0,7790.0,7970.0,15535.0
2024-10-15 00:00:00+09:00,7970.0,8010.0,7920.0,7990.0,52278.0
2024-10-16 00:00:00+09:00,8000.0,8000.0,7880.0,7960.0,39866.0
2024-10-17 00:00:00+09:00,7990.0,7990.0,7860.0,7960.0,55525.0
2024-10-18 00:00:00+09:00,7960.0,7960.0,7800.0,7920.0,17648.0
2024-10-21 00:00:00+09:00,7890.0,7970.0,7850.0,7920.0,58012.0
2024-10-22 00:00:00+09:00,7860.0,7940.0,7740.0,7860.0,46492.0
2024-10-23 00:00:00+09:00,7860.0,7910.0,7790.0,7860.0,40541.0
2024-10-24 00:00:00+09:00,7900.0,7960.0,7800.0,7850.0,38282.0
2024-10-25 00:00:00+09:00,7840.0,7910.0,7780.0,7830.0,35606.0
2024-10-28 00:00:00+09:00,7800.0,7950.0,7800.0,7940.0,30557.0
2024-10-29 00:00:00+09:00,7900.0,8170.0,7860.0,8120.0,63099.0
2024-10-30 00:00:00+09:00,8150.0,8200.0,8020.0,8170.0,46765.0
2024-10-31 00:00:00+09:00,8170.0,8200.0,8050.0,8170.0,43277.0
2024-11-01 00:00:00+09:00,8170.0,8190.0,8070.0,8100.0,5657.0
2024-11-04 00:00:00+09:00,8050.0,8260.0,8020.0,8250.0,35386.0
2024-11-05 00:00:00+09:00,8190.0,8370.0,8170.0,8290.0,45024.0
2024-11-06 00:00:00+09:00,8350.0,8350.0,8200.0,8270.0,28925.0
2024-11-07 00:00:00+09:00,8340.0,8480.0,8170.0,8170.0,63071.0
2024-11-08 00:00:00+09:00,8170.0,8400.0,8110.0,8190.0,48863.0
2024-11-11 00:00:00+09:00,8140.0,8210.0,7840.0,7860.0,54631.0
2024-11-12 00:00:00+09:00,7840.0,7860.0,7460.0,7480.0,36947.0
2024-11-13 00:00:00+09:00,7500.0,7550.0,7230.0,7350.0,18983.0
2024-11-14 00:00:00+09:00,7490.0,7490.0,7340.0,7400.0,14387.0
2024-11-15 00:00:00+09:00,7340.0,7840.0,7340.0,7460.0,46908.0
2024-11-18 00:00:00+09:00,7440.0,7710.0,7440.0,7620.0,9851.0
2024-11-19 00:00:00+09:00,7720.0,7720.0,7530.0,7630.0,2683.0
2024-11-20 00:00:00+09:00,7580.0,7660.0,7580.0,7630.0,8067.0
2024-11-21 00:00:00+09:00,7570.0,7720.0,7570.0,7610.0,1880.0
2024-11-22 00:00:00+09:00,7600.0,7730.0,7600.0,7680.0,5786.0
2024-11-25 00:00:00+09:00,7730.0,7770.0,7670.0,7770.0,6032.0
2024-11-26 00:00:00+09:00,7770.0,7790.0,7720.0,7770.0,6384.0
2024-11-27 00:00:00+09:00,7790.0,7790.0,7730.0,7760.0,3810.0
2024-11-28 00:00:00+09:00,7660.0,7770.0,7660.0,7750.0,4844.0
2024-11-29 00:00:00+09:00,7750.0,7790.0,7630.0,7670.0,7488.0
2024-12-02 00:00:00+09:00,7710.0,7710.0,7430.0,7500.0,8219.0
2024-12-03 00:00:00+09:00,7330.0,7620.0,7330.0,7570.0,4923.0
2024-12-04 00:00:00+09:00,7400.0,7660.0,7400.0,7580.0,36031.0
2024-12-05 00:00:00+09:00,7530.0,7660.0,7490.0,7550.0,27065.0
2024-12-06 00:00:00+09:00,7550.0,7620.0,7410.0,7600.0,21069.0
2024-12-09 00:00:00+09:00,7530.0,7540.0,7300.0,7390.0,28336.0
2024-12-10 00:00:00+09:00,7370.0,7680.0,7300.0,7680.0,10381.0
2024-12-11 00:00:00+09:00,7610.0,7700.0,7530.0,7670.0,20384.0
2024-12-12 00:00:00+09:00,7670.0,7760.0,7590.0,7730.0,6727.0
2024-12-13 00:00:00+09:00,7760.0,7770.0,7710.0,7760.0,4960.0
2024-12-16 00:00:00+09:00,7760.0,7780.0,7520.0,7760.0,5280.0
2024-12-17 00:00:00+09:00,7750.0,7880.0,7750.0,7860.0,18055.0
2024-12-18 00:00:00+09:00,7860.0,8010.0,7780.0,7990.0,25493.0
2024-12-19 00:00:00+09:00,7930.0,8100.0,7840.0,8050.0,21452.0
2024-12-20 00:00:00+09:00,7960.0,8040.0,7890.0,8010.0,12842.0
2024-12-23 00:00:00+09:00,8100.0,8130.0,7940.0,8080.0,34981.0
2024-12-24 00:00:00+09:00,8060.0,8210.0,8040.0,8150.0,14972.0
2024-12-26 00:00:00+09:00,8200.0,8240.0,8080.0,8140.0,36986.0
2024-12-27 00:00:00+09:00,8080.0,8110.0,7910.0,7990.0,4133.0
2024-12-30 00:00:00+09:00,8080.0,8080.0,7700.0,7850.0,13087.0
2025-01-02 00:00:00+09:00,7830.0,7940.0,7780.0,7930.0,14027.0
2025-01-03 00:00:00+09:00,7960.0,8010.0,7890.0,7960.0,11371.0
2025-01-06 00:00:00+09:00,8000.0,8100.0,7940.0,8090.0,17654.0
2025-01-07 00:00:00+09:00,8100.0,8100.0,7970.0,8090.0,21011.0
2025-01-08 00:00:00+09:00,8090.0,8120.0,7950.0,8100.0,12093.0
2025-01-09 00:00:00+09:00,8090.0,8130.0,8050.0,8100.0,9120.0
2025-01-10 00:00:00+09:00,8100.0,8210.0,8090.0,8180.0,12156.0
2025-01-13 00:00:00+09:00,8210.0,8260.0,8100.0,8160.0,13228.0
2025-01-14 00:00:00+09:00,8240.0,8240.0,8080.0,8160.0,14865.0
2025-01-15 00:00:00+09:00,8160.0,8190.0,8100.0,8120.0,10969.0
2025-01-16 00:00:00+09:00,8120.0,8170.0,8120.0,8140.0,11217.0
2025-01-17 00:00:00+09:00,8190.0,8190.0,8070.0,8130.0,27568.0
2025-01-20 00:00:00+09:00,8120.0,8160.0,8080.0,8130.0,20540.0
2025-01-21 00:00:00+09:00,8190.0,8190.0,8100.0,8110.0,14038.0
2025-01-22 00:00:00+09:00,8180.0,8180.0,8070.0,8100.0,18211.0
2025-01-23 00:00:00+09:00,8100.0,8100.0,8000.0,8080.0,9411.0
2025-01-24 00:00:00+09:00,8100.0,8130.0,8010.0,8080.0,10768.0
2025-01-31 00:00:00+09:00,8080.0,8080.0,7970.0,8040.0,9823.0
2025-02-03 00:00:00+09:00,8030.0,8030.0,7840.0,7870.0,28793.0
2025-02-04 00:00:00+09:00,7950.0,8000.0,7900.0,8000.0,9155.0
2025-02-05 00:00:00+09:00,8000.0,8070.0,7940.0,8070.0,21009.0
2025-02-06 00:00:00+09:00,8480.0,8580.0,8380.0,8500.0,178316.0
2025-02-07 00:00:00+09:00,8550.0,8590.0,8390.0,8430.0,106742.0
2025-02-10 00:00:00+09:00,8450.0,8520.0,8330.0,8500.0,40185.0
2025-02-11 00:00:00+09:00,8530.0,8540.0,8370.0,8450.0,45992.0
2025-02-12 00:00:00+09:00,8460.0,8570.0,8420.0,8460.0,77121.0
2025-02-13 00:00:00+09:00,8450.0,8520.0,8350.0,8460.0,62062.0
2025-02-14 00:00:00+09:00,8460.0,8490.0,8370.0,8400.0,35342.0
2025-02-17 00:00:00+09:00,8380.0,8500.0,8380.0,8420.0,36838.0
2025-02-18 00:00:00+09:00,8390.0,8500.0,8390.0,8420.0,17793.0
2025-02-19 00:00:00+09:00,8420.0,8500.0,8410.0,8480.0,20991.0
2025-02-20 00:00:00+09:00,8460.0,8540.0,8430.0,8520.0,37607.0
2025-02-21 00:00:00+09:00,8510.0,8520.0,8400.0,8490.0,17567.0
2025-02-24 00:00:00+09:00,8490.0,8490.0,8380.0,8400.0,22863.0
2025-02-25 00:00:00+09:00,8400.0,8440.0,8310.0,8400.0,17432.0
2025-02-26 00:00:00+09:00,8420.0,8600.0,8410.0,8460.0,40602.0
2025-02-27 00:00:00+09:00,8500.0,8580.0,8380.0,8470.0,41890.0
2025-02-28 00:00:00+09:00,8470.0,8510.0,8240.0,8250.0,50065.0
2025-03-04 00:00:00+09:00,8260.0,8500.0,8250.0,8320.0,36473.0
2025-03-05 00:00:00+09:00,8440.0,8460.0,8330.0,8380.0,45347.0
2025-03-06 00:00:00+09:00,8400.0,8480.0,8290.0,8300.0,12292.0
2025-03-07 00:00:00+09:00,8280.0,8370.0,8240.0,8280.0,9278.0
2025-03-10 00:00:00+09:00,8280.0,8300.0,8220.0,8250.0,3281.0
2025-03-11 00:00:00+09:00,8250.0,8330.0,8140.0,8250.0,9012.0
2025-03-12 00:00:00+09:00,8320.0,8780.0,8250.0,8770.0,74504.0
2025-03-13 00:00:00+09:00,8860.0,8970.0,8790.0,8840.0,98682.0
2025-03-14 00:00:00+09:00,8780.0,8980.0,8780.0,8960.0,35525.0
2025-03-17 00:00:00+09:00,8950.0,9470.0,8950.0,9260.0,147217.0
2025-03-18 00:00:00+09:00,9260.0,9310.0,9100.0,9270.0,49325.0
2025-03-19 00:00:00+09:00,9320.0,9320.0,9140.0,9260.0,48360.0
2025-03-20 00:00:00+09:00,9260.0,9350.0,9170.0,9280.0,33331.0
2025-03-21 00:00:00+09:00,9210.0,9350.0,9150.0,9170.0,32880.0
2025-03-24 00:00:00+09:00,9180.0,9340.0,9180.0,9290.0,31829.0
2025-03-25 00:00:00+09:00,9230.0,9330.0,8780.0,8900.0,66155.0
2025-03-26 00:00:00+09:00,8990.0,9300.0,8940.0,9260.0,43279.0
2025-03-27 00:00:00+09:00,9260.0,9370.0,9180.0,9280.0,36550.0
2025-03-28 00:00:00+09:00,9330.0,9330.0,9030.0,9180.0,37225.0
2025-03-31 00:00:00+09:00,9130.0,9230.0,8960.0,8960.0,53785.0
2025-04-01 00:00:00+09:00,8970.0,9290.0,8970.0,9150.0,63517.0
2025-04-02 00:00:00+09:00,9180.0,9330.0,9100.0,9150.0,44215.0
2025-04-03 00:00:00+09:00,9170.0,9170.0,9030.0,9090.0,27388.0
2025-04-04 00:00:00+09:00,8980.0,9050.0,8870.0,8980.0,23612.0
2025-04-07 00:00:00+09:00,8850.0,8850.0,8540.0,8610.0,40776.0
2025-04-08 00:00:00+09:00,8710.0,8880.0,8670.0,8740.0,34631.0
2025-04-09 00:00:00+09:00,8650.0,8770.0,8500.0,8530.0,35583.0
2025-04-10 00:00:00+09:00,8830.0,8980.0,8710.0,8940.0,23594.0
2025-04-11 00:00:00+09:00,8980.0,9190.0,8840.0,9020.0,30370.0
2025-04-14 00:00:00+09:00,9070.0,9070.0,8990.0,9020.0,9806.0
2025-04-15 00:00:00+09:00,9090.0,9280.0,8990.0,9240.0,45693.0
2025-04-16 00:00:00+09:00,9260.0,9310.0,9140.0,9180.0,31769.0
2025-04-17 00:00:00+09:00,9240.0,9250.0,9140.0,9160.0,39317.0
2025-04-18 00:00:00+09:00,9220.0,9240.0,9060.0,9100.0,44912.0
2025-04-21 00:00:00+09:00,9090.0,9090.0,8910.0,9040.0,17243.0
2025-04-22 00:00:00+09:00,9040.0,9270.0,8950.0,9250.0,49193.0
2025-04-23 00:00:00+09:00,9280.0,9450.0,9200.0,9400.0,69518.0
2025-04-24 00:00:00+09:00,9400.0,9530.0,9320.0,9530.0,38073.0
2025-04-25 00:00:00+09:00,9530.0,9530.0,9360.0,9470.0,31628.0
2025-04-28 00:00:00+09:00,9530.0,9580.0,9460.0,9550.0,35617.0
2025-04-29 00:00:00+09:00,9540.0,9740.0,9440.0,9610.0,43490.0
2025-04-30 00:00:00+09:00,9510.0,9720.0,9510.0,9660.0,20474.0
2025-05-02 00:00:00+09:00,9730.0,9740.0,9600.0,9600.0,10634.0
2025-05-07 00:00:00+09:00,9670.0,9750.0,9580.0,9730.0,39959.0
2025-05-08 00:00:00+09:00,9740.0,10850.0,9740.0,9830.0,778777.0
2025-05-09 00:00:00+09:00,9880.0,9880.0,9630.0,9660.0,54682.0
2025-05-12 00:00:00+09:00,9680.0,9800.0,9520.0,9700.0,39975.0
2025-05-13 00:00:00+09:00,9720.0,9780.0,9630.0,9740.0,33850.0
2025-05-14 00:00:00+09:00,9740.0,9830.0,9600.0,9780.0,34404.0
2025-05-15 00:00:00+09:00,9820.0,9820.0,9640.0,9800.0,25659.0
2025-05-16 00:00:00+09:00,9750.0,9830.0,9680.0,9780.0,27664.0
2025-05-19 00:00:00+09:00,9700.0,10040.0,9690.0,10000.0,38769.0
2025-05-20 00:00:00+09:00,10000.0,10260.0,9700.0,10130.0,37245.0
2025-05-21 00:00:00+09:00,10080.0,10430.0,10080.0,10150.0,67529.0
2025-05-22 00:00:00+09:00,10150.0,10160.0,9820.0,9840.0,45682.0
2025-05-23 00:00:00+09:00,9840.0,9840.0,9590.0,9610.0,36853.0
2025-05-26 00:00:00+09:00,9610.0,9830.0,9580.0,9800.0,12199.0
2025-05-27 00:00:00+09:00,9730.0,9830.0,9720.0,9740.0,9524.0
2025-05-28 00:00:00+09:00,9820.0,9820.0,9510.0,9680.0,10083.0
2025-05-29 00:00:00+09:00,9720.0,9750.0,9620.0,9740.0,8062.0
2025-05-30 00:00:00+09:00,9670.0,9780.0,9630.0,9650.0,16584.0
2025-06-02 00:00:00+09:00,9730.0,9760.0,9610.0,9640.0,12709.0
2025-06-04 00:00:00+09:00,9700.0,9860.0,9680.0,9790.0,40010.0
2025-06-05 00:00:00+09:00,9840.0,9840.0,9700.0,9730.0,19487.0
2025-06-09 00:00:00+09:00,9780.0,9930.0,9750.0,9840.0,42714.0
2025-06-10 00:00:00+09:00,9900.0,9940.0,9730.0,9890.0,39051.0
2025-06-11 00:00:00+09:00,9890.0,10060.0,9860.0,9990.0,29691.0
2025-06-12 00:00:00+09:00,9990.0,10180.0,9910.0,9920.0,43482.0
2025-06-13 00:00:00+09:00,10000.0,10070.0,9710.0,9770.0,58108.0
2025-06-16 00:00:00+09:00,9690.0,9690.0,9270.0,9480.0,99523.0
2025-06-17 00:00:00+09:00,9570.0,9570.0,9160.0,9190.0,96839.0
2025-06-18 00:00:00+09:00,9320.0,9320.0,9010.0,9090.0,106169.0
2025-06-19 00:00:00+09:00,9100.0,9260.0,9020.0,9130.0,23095.0
2025-06-20 00:00:00+09:00,9240.0,9360.0,9140.0,9210.0,27481.0
2025-06-23 00:00:00+09:00,9140.0,9140.0,8980.0,9000.0,74482.0
2025-06-24 00:00:00+09:00,9130.0,9170.0,9000.0,9150.0,17963.0
2025-06-25 00:00:00+09:00,9150.0,9400.0,9100.0,9360.0,22742.0
2025-06-26 00:00:00+09:00,9400.0,9400.0,9010.0,9100.0,26068.0
2025-06-27 00:00:00+09:00,9120.0,9120.0,8930.0,9010.0,38103.0
2025-06-30 00:00:00+09:00,9050.0,9130.0,9000.0,9100.0,17304.0
2025-07-01 00:00:00+09:00,9100.0,9260.0,9100.0,9180.0,36467.0
2025-07-02 00:00:00+09:00,9340.0,9350.0,9070.0,9160.0,28606.0
2025-07-03 00:00:00+09:00,9200.0,9330.0,9170.0,9270.0,35885.0
2025-07-04 00:00:00+09:00,9300.0,9320.0,9110.0,9170.0,19921.0
2025-07-07 00:00:00+09:00,9210.0,9230.0,9100.0,9220.0,23749.0
2025-07-08 00:00:00+09:00,9230.0,9340.0,9190.0,9320.0,32304.0
2025-07-09 00:00:00+09:00,9340.0,10020.0,9340.0,9940.0,206724.0
2025-07-10 00:00:00+09:00,10220.0,10320.0,9970.0,10240.0,194680.0
2025-07-11 00:00:00+09:00,10210.0,10480.0,10090.0,10120.0,117523.0
2025-07-14 00:00:00+09:00,10280.0,10280.0,9980.0,10150.0,58768.0
2025-07-15 00:00:00+09:00,10150.0,10240.0,9970.0,10150.0,65611.0
2025-07-16 00:00:00+09:00,10150.0,10640.0,10100.0,10260.0,167710.0
2025-07-17 00:00:00+09:00,10380.0,10400.0,10000.0,10080.0,50433.0
2025-07-18 00:00:00+09:00,10080.0,10080.0,9760.0,9820.0,56025.0
2025-07-21 00:00:00+09:00,9820.0,9940.0,9670.0,9750.0,29739.0
2025-07-22 00:00:00+09:00,9870.0,9880.0,9670.0,9810.0,39556.0
2025-07-23 00:00:00+09:00,9810.0,9880.0,9660.0,9820.0,41576.0
2025-07-24 00:00:00+09:00,9830.0,9880.0,9690.0,9720.0,84339.0
2025-07-25 00:00:00+09:00,9720.0,9820.0,9510.0,9820.0,74765.0
2025-07-28 00:00:00+09:00,9830.0,9830.0,9570.0,9650.0,48001.0
2025-07-29 00:00:00+09:00,9700.0,9800.0,9540.0,9690.0,47492.0
2025-07-30 00:00:00+09:00,9740.0,9850.0,9690.0,9710.0,32240.0
2025-07-31 00:00:00+09:00,9720.0,9940.0,9720.0,9940.0,39768.0
2025-08-01 00:00:00+09:00,9920.0,9940.0,9450.0,9460.0,63649.0
2025-08-04 00:00:00+09:00,9460.0,9870.0,9370.0,9710.0,41162.0
2025-08-05 00:00:00+09:00,9830.0,9960.0,9720.0,9940.0,31133.0
2025-08-06 00:00:00+09:00,9940.0,10140.0,9850.0,10060.0,40690.0
2025-08-07 00:00:00+09:00,10140.0,10200.0,9230.0,9350.0,219577.0
2025-08-08 00:00:00+09:00,9450.0,9640.0,9330.0,9440.0,57330.0
2025-08-11 00:00:00+09:00,9460.0,9460.0,9000.0,9050.0,91590.0
2025-08-12 00:00:00+09:00,9180.0,9200.0,8950.0,9030.0,50620.0
2025-08-13 00:00:00+09:00,9020.0,9060.0,8790.0,8980.0,74734.0
2025-08-14 00:00:00+09:00,8980.0,9000.0,8850.0,8920.0,23868.0
2025-08-18 00:00:00+09:00,8830.0,8920.0,8770.0,8820.0,47900.0
2025-08-19 00:00:00+09:00,8810.0,8880.0,8770.0,8880.0,34700.0
2025-08-20 00:00:00+09:00,8760.0,8900.0,8600.0,8770.0,53244.0
2025-08-21 00:00:00+09:00,8730.0,8860.0,8700.0,8760.0,37652.0
2025-08-22 00:00:00+09:00,8660.0,8840.0,8650.0,8770.0,16535.0
2025-08-25 00:00:00+09:00,8870.0,8870.0,8690.0,8740.0,23535.0
2025-08-26 00:00:00+09:00,8690.0,8820.0,8690.0,8750.0,65826.0
2025-08-27 00:00:00+09:00,8750.0,8760.0,8590.0,8620.0,51503.0
2025-08-28 00:00:00+09:00,8570.0,8750.0,8570.0,8750.0,23567.0
2025-08-29 00:00:00+09:00,8720.0,8900.0,8720.0,8830.0,23470.0
2025-09-01 00:00:00+09:00,8730.0,8750.0,8600.0,8620.0,31784.0
2025-09-02 00:00:00+09:00,8600.0,8690.0,8570.0,8600.0,21004.0
2025-09-03 00:00:00+09:00,8580.0,8770.0,8510.0,8770.0,20807.0
2025-09-04 00:00:00+09:00,8780.0,8800.0,8700.0,8740.0,33577.0
2025-09-05 00:00:00+09:00,8700.0,8790.0,8700.0,8760.0,15755.0
2025-09-08 00:00:00+09:00,8720.0,8910.0,8720.0,8770.0,25507.0
2025-09-09 00:00:00+09:00,8730.0,8860.0,8660.0,8770.0,30903.0
2025-09-10 00:00:00+09:00,8720.0,8790.0,8690.0,8740.0,58841.0
2025-09-11 00:00:00+09:00,8750.0,8830.0,8710.0,8740.0,32712.0
2025-09-12 00:00:00+09:00,8770.0,8940.0,8730.0,8880.0,35715.0
2025-09-15 00:00:00+09:00,8900.0,8930.0,8820.0,8870.0,17472.0
2025-09-16 00:00:00+09:00,8800.0,8880.0,8690.0,8700.0,53777.0
2025-09-17 00:00:00+09:00,8700.0,8790.0,8650.0,8790.0,25144.0
2025-09-18 00:00:00+09:00,8740.0,8870.0,8740.0,8820.0,46861.0
2025-09-19 00:00:00+09:00,8750.0,8820.0,8750.0,8800.0,15822.0
2025-09-22 00:00:00+09:00,8730.0,8820.0,8730.0,8810.0,20930.0
2025-09-23 00:00:00+09:00,8780.0,8820.0,8730.0,8800.0,31135.0
2025-09-24 00:00:00+09:00,8750.0,8760.0,8620.0,8730.0,52050.0
2025-09-25 00:00:00+09:00,8630.0,8730.0,8590.0,8630.0,37984.0
2025-09-26 00:00:00+09:00,8610.0,8620.0,8480.0,8510.0,41695.0
2025-09-29 00:00:00+09:00,8510.0,8610.0,8500.0,8550.0,12399.0
2025-09-30 00:00:00+09:00,8560.0,8680.0,8510.0,8550.0,24455.0
2025-10-01 00:00:00+09:00,8510.0,8650.0,8510.0,8550.0,18214.0
2025-10-02 00:00:00+09:00,8500.0,8740.0,8500.0,8610.0,14921.0
2025-10-10 00:00:00+09:00,8610.0,8770.0,8520.0,8700.0,18849.0
2025-10-13 00:00:00+09:00,8600.0,8690.0,8560.0,8680.0,15134.0
2025-10-14 00:00:00+09:00,8570.0,8700.0,8570.0,8590.0,35596.0
2025-10-15 00:00:00+09:00,8540.0,8730.0,8540.0,8710.0,18782.0
2025-10-16 00:00:00+09:00,8620.0,8750.0,8620.0,8700.0,10564.0
2025-10-17 00:00:00+09:00,8600.0,8730.0,8600.0,8660.0,13314.0
2025-10-20 00:00:00+09:00,8610.0,8660.0,8600.0,8650.0,8650.0
2025-10-21 00:00:00+09:00,8650.0,8700.0,8610.0,8660.0,16570.0
2025-10-22 00:00:00+09:00,8750.0,8750.0,8580.0,8640.0,12528.0
2025-10-23 00:00:00+09:00,8640.0,8690.0,8580.0,8630.0,6167.0
2025-10-24 00:00:00+09:00,8610.0,8670.0,8560.0,8610.0,13377.0
2025-10-27 00:00:00+09:00,8590.0,8630.0,8530.0,8590.0,25369.0
2025-10-28 00:00:00+09:00,8590.0,8620.0,8550.0,8580.0,18801.0
2025-10-29 00:00:00+09:00,8580.0,8650.0,8560.0,8580.0,8812.0
2025-10-30 00:00:00+09:00,8580.0,8600.0,8490.0,8530.0,61643.0
2025-10-31 00:00:00+09:00,8520.0,8600.0,8450.0,8600.0,9795.0
2025-11-03 00:00:00+09:00,8510.0,8620.0,8510.0,8550.0,27056.0
2025-11-04 00:00:00+09:00,8540.0,8630.0,8510.0,8580.0,20301.0
2025-11-05 00:00:00+09:00,8520.0,8610.0,8430.0,8560.0,40463.0
2025-11-06 00:00:00+09:00,8540.0,8930.0,8490.0,8770.0,53036.0
2025-11-07 00:00:00+09:00,8770.0,8770.0,8520.0,8630.0,25396.0
2025-11-10 00:00:00+09:00,8620.0,8790.0,8620.0,8710.0,20661.0
2025-11-11 00:00:00+09:00,8660.0,8820.0,8510.0,8560.0,31316.0
2025-11-12 00:00:00+09:00,8570.0,8770.0,8550.0,8760.0,26728.0
2025-11-13 00:00:00+09:00,8720.0,8900.0,8720.0,8810.0,18199.0
2025-11-14 00:00:00+09:00,8720.0,8900.0,8550.0,8810.0,16499.0
2025-11-17 00:00:00+09:00,8720.0,8810.0,8670.0,8740.0,6918.0
2025-11-18 00:00:00+09:00,8670.0,8680.0,8540.0,8610.0,30088.0
2025-11-19 00:00:00+09:00,8580.0,8720.0,8540.0,8600.0,7126.0
2025-11-20 00:00:00+09:00,8540.0,8710.0,8540.0,8650.0,4840.0
2025-11-21 00:00:00+09:00,8600.0,8620.0,8510.0,8580.0,23206.0
2025-11-24 00:00:00+09:00,8540.0,8620.0,8540.0,8580.0,9017.0
2025-11-25 00:00:00+09:00,8560.0,8620.0,8560.0,8600.0,5383.0
2025-11-26 00:00:00+09:00,8560.0,8740.0,8560.0,8740.0,19216.0
2025-11-27 00:00:00+09:00,8740.0,8750.0,8630.0,8750.0,7868.0
2025-11-28 00:00:00+09:00,8750.0,8850.0,8710.0,8750.0,6443.0
2025-12-01 00:00:00+09:00,8760.0,8810.0,8700.0,8730.0,22343.0
2025-12-02 00:00:00+09:00,8680.0,8870.0,8680.0,8860.0,24964.0
2025-12-03 00:00:00+09:00,8800.0,9010.0,8800.0,8960.0,15716.0
2025-12-04 00:00:00+09:00,8930.0,9000.0,8840.0,8880.0,7487.0
2025-12-05 00:00:00+09:00,8880.0,8970.0,8810.0,8940.0,4522.0
2025-12-08 00:00:00+09:00,8940.0,9000.0,8820.0,8960.0,18156.0
2025-12-09 00:00:00+09:00,8920.0,9040.0,8920.0,9020.0,14407.0
2025-12-10 00:00:00+09:00,8970.0,9030.0,8970.0,8970.0,5448.0
2025-12-11 00:00:00+09:00,8910.0,9010.0,8870.0,8900.0,12819.0
2025-12-12 00:00:00+09:00,8900.0,8980.0,8870.0,8960.0,13046.0
2025-12-15 00:00:00+09:00,8810.0,8970.0,8810.0,8920.0,22563.0
2025-12-16 00:00:00+09:00,8950.0,8970.0,8850.0,8860.0,11086.0
2025-12-17 00:00:00+09:00,8940.0,8970.0,8820.0,8970.0,6367.0
2025-12-18 00:00:00+09:00,8970.0,9020.0,8880.0,8960.0,6377.0
2025-12-19 00:00:00+09:00,8940.0,8990.0,8860.0,8980.0,4715.0
2025-12-22 00:00:00+09:00,8980.0,9140.0,8880.0,9140.0,25907.0
2025-12-23 00:00:00+09:00,9150.0,9150.0,8980.0,9020.0,13086.0
2025-12-24 00:00:00+09:00,9040.0,9150.0,9000.0,9020.0,8567.0
2025-12-26 00:00:00+09:00,9050.0,9280.0,8970.0,9110.0,58288.0
2025-12-29 00:00:00+09:00,9310.0,9310.0,8930.0,8990.0,19187.0
2025-12-30 00:00:00+09:00,9020.0,9030.0,8970.0,9020.0,5511.0
2026-01-02 00:00:00+09:00,9020.0,9060.0,8980.0,9020.0,18271.0
2026-01-05 00:00:00+09:00,9090.0,9090.0,8780.0,9000.0,17011.0
2026-01-06 00:00:00+09:00,9010.0,9050.0,8880.0,8940.0,22862.0
2026-01-07 00:00:00+09:00,8960.0,8960.0,8630.0,8670.0,42993.0
2026-01-08 00:00:00+09:00,8670.0,8750.0,8590.0,8710.0,12261.0
2026-01-09 00:00:00+09:00,8730.0,8930.0,8690.0,8920.0,18530.0
2026-01-12 00:00:00+09:00,8950.0,9180.0,8900.0,9120.0,37637.0
2026-01-13 00:00:00+09:00,9140.0,9190.0,9000.0,9120.0,41819.0
2026-01-14 00:00:00+09:00,9120.0,9210.0,9090.0,9140.0,31535.0
2026-01-15 00:00:00+09:00,9230.0,9300.0,9110.0,9290.0,27195.0
2026-01-16 00:00:00+09:00,9290.0,9290.0,9190.0,9220.0,20712.0
2026-01-19 00:00:00+09:00,9230.0,9260.0,9100.0,9190.0,22647.0
2026-01-20 00:00:00+09:00,9170.0,9500.0,9100.0,9380.0,24262.0
2026-01-21 00:00:00+09:00,9350.0,9440.0,9250.0,9390.0,28177.0
2026-01-22 00:00:00+09:00,9460.0,9490.0,9390.0,9460.0,15588.0
2026-01-23 00:00:00+09:00,9500.0,9550.0,9410.0,9480.0,16084.0
2026-01-26 00:00:00+09:00,9570.0,9580.0,9470.0,9480.0,26376.0
2026-01-27 00:00:00+09:00,9480.0,9700.0,9440.0,9620.0,32695.0
2026-01-28 00:00:00+09:00,9700.0,9740.0,9500.0,9610.0,19181.0
2026-01-29 00:00:00+09:00,9650.0,9800.0,9530.0,9750.0,35300.0
2026-01-30 00:00:00+09:00,9820.0,9820.0,9530.0,9630.0,24259.0
2026-02-02 00:00:00+09:00,9620.0,9620.0,9340.0,9430.0,29071.0
2026-02-03 00:00:00+09:00,9520.0,9590.0,9450.0,9590.0,21961.0
2026-02-04 00:00:00+09:00,9590.0,9760.0,9530.0,9720.0,24362.0
2026-02-05 00:00:00+09:00,9720.0,11000.0,9680.0,10200.0,292391.0
2026-02-06 00:00:00+09:00,10200.0,10200.0,9720.0,9870.0,90322.0
2026-02-09 00:00:00+09:00,9950.0,10190.0,9910.0,10090.0,54916.0
2026-02-10 00:00:00+09:00,10190.0,10380.0,10080.0,10200.0,102556.0
2026-02-11 00:00:00+09:00,10310.0,10400.0,10050.0,10200.0,62391.0
2026-02-12 00:00:00+09:00,10220.0,10280.0,10110.0,10200.0,53168.0
2026-02-13 00:00:00+09:00,10200.0,10480.0,10180.0,10440.0,92123.0
2026-02-19 00:00:00+09:00,10500.0,10500.0,10310.0,10340.0,54994.0
2026-02-20 00:00:00+09:00,10470.0,10470.0,10130.0,10230.0,26401.0
2026-02-23 00:00:00+09:00,10440.0,10640.0,10390.0,10580.0,92641.0
2026-02-24 00:00:00+09:00,10650.0,10650.0,10220.0,10380.0,46488.0
2026-02-25 00:00:00+09:00,10380.0,10550.0,10350.0,10380.0,28368.0
2026-02-26 00:00:00+09:00,10460.0,10460.0,10000.0,10110.0,48751.0
2026-02-27 00:00:00+09:00,10100.0,10150.0,9980.0,10130.0,26726.0
2026-03-03 00:00:00+09:00,10050.0,10130.0,9910.0,9920.0,60594.0
2026-03-04 00:00:00+09:00,9900.0,9900.0,9150.0,9210.0,102934.0
2026-03-05 00:00:00+09:00,9640.0,9850.0,9510.0,9710.0,41370.0
2026-03-06 00:00:00+09:00,9630.0,9820.0,9510.0,9730.0,18891.0
2026-03-09 00:00:00+09:00,9700.0,9700.0,9240.0,9410.0,53874.0
2026-03-10 00:00:00+09:00,9640.0,9840.0,9470.0,9730.0,834737.0
2026-03-11 00:00:00+09:00,9810.0,10250.0,9810.0,10120.0,37213.0
2026-03-12 00:00:00+09:00,10200.0,10240.0,9990.0,10170.0,20206.0
2026-03-13 00:00:00+09:00,10150.0,10320.0,9970.0,10180.0,32963.0
2026-03-16 00:00:00+09:00,10160.0,10200.0,10000.0,10000.0,14893.0
2026-03-17 00:00:00+09:00,10190.0,10190.0,10030.0,10080.0,14148.0
2026-03-18 00:00:00+09:00,10120.0,10200.0,10080.0,10140.0,18451.0
2026-03-19 00:00:00+09:00,10140.0,10160.0,10010.0,10130.0,19663.0
2026-03-20 00:00:00+09:00,10240.0,10400.0,10110.0,10400.0,42983.0
2026-03-23 00:00:00+09:00,10300.0,10300.0,10020.0,10020.0,19080.0
2026-03-24 00:00:00+09:00,10200.0,10250.0,10020.0,10170.0,9962.0
2026-03-25 00:00:00+09:00,10250.0,10470.0,10150.0,10450.0,27945.0
2026-03-26 00:00:00+09:00,10500.0,10500.0,10160.0,10380.0,23979.0
2026-03-27 00:00:00+09:00,10240.0,10250.0,9950.0,10100.0,21385.0
2026-03-30 00:00:00+09:00,10080.0,10080.0,9750.0,9930.0,29358.0
2026-03-31 00:00:00+09:00,9920.0,10140.0,9770.0,9820.0,27846.0
2026-04-01 00:00:00+09:00,10090.0,10300.0,10040.0,10040.0,19364.0
2026-04-02 00:00:00+09:00,10160.0,10200.0,10000.0,10120.0,58061.0
2026-04-03 00:00:00+09:00,10150.0,10240.0,10140.0,10230.0,12112.0
2026-04-06 00:00:00+09:00,10240.0,10280.0,10120.0,10150.0,14350.0
2026-04-07 00:00:00+09:00,10150.0,10370.0,10140.0,10180.0,21342.0
2026-04-08 00:00:00+09:00,10350.0,10530.0,10160.0,10420.0,31807.0
2026-04-09 00:00:00+09:00,10410.0,10410.0,10230.0,10390.0,11639.0
2026-04-10 00:00:00+09:00,10440.0,10580.0,10340.0,10530.0,21542.0
2026-04-13 00:00:00+09:00,10490.0,10490.0,10300.0,10300.0,11314.0
2026-04-14 00:00:00+09:00,10300.0,10640.0,10300.0,10600.0,14005.0
2026-04-15 00:00:00+09:00,10680.0,10730.0,10480.0,10640.0,25840.0
2026-04-16 00:00:00+09:00,10670.0,11070.0,10550.0,11030.0,52877.0
2026-04-17 00:00:00+09:00,10960.0,11240.0,10870.0,11030.0,36039.0
2026-04-20 00:00:00+09:00,11030.0,11190.0,10950.0,11010.0,16126.0
2026-04-21 00:00:00+09:00,11270.0,11300.0,10910.0,11010.0,12884.0
2026-04-22 00:00:00+09:00,11100.0,11150.0,10910.0,11100.0,25458.0
2026-04-23 00:00:00+09:00,11120.0,11150.0,10980.0,11080.0,12720.0
2026-04-24 00:00:00+09:00,11090.0,11170.0,10900.0,11110.0,29968.0
2026-04-27 00:00:00+09:00,11150.0,11370.0,11130.0,11140.0,13295.0
2026-04-28 00:00:00+09:00,11140.0,11360.0,11120.0,11330.0,26584.0
2026-04-29 00:00:00+09:00,11330.0,11630.0,11150.0,11600.0,43436.0
2026-04-30 00:00:00+09:00,11600.0,11900.0,11550.0,11770.0,39716.0
2026-05-04 00:00:00+09:00,11770.0,11850.0,11640.0,11850.0,21229.0
2026-05-06 00:00:00+09:00,11850.0,11850.0,11540.0,11600.0,40237.0
2026-05-07 00:00:00+09:00,11600.0,11730.0,11440.0,11700.0,20968.0
2026-05-08 00:00:00+09:00,11700.0,14500.0,11690.0,13730.0,875940.0
2026-05-11 00:00:00+09:00,13800.0,13850.0,12900.0,13080.0,140377.0
2026-05-12 00:00:00+09:00,13100.0,13100.0,12110.0,12370.0,158283.0
2026-05-13 00:00:00+09:00,12600.0,12640.0,12150.0,12300.0,37605.0
2026-05-14 00:00:00+09:00,12300.0,12470.0,12160.0,12350.0,28857.0
2026-05-15 00:00:00+09:00,12370.0,12450.0,11860.0,12100.0,66021.0
2026-05-18 00:00:00+09:00,12100.0,12500.0,11710.0,12360.0,48445.0
2026-05-19 00:00:00+09:00,12360.0,12360.0,11990.0,12110.0,18976.0
2026-05-20 00:00:00+09:00,12190.0,12190.0,11500.0,11700.0,47315.0
2026-05-21 00:00:00+09:00,11720.0,12170.0,11450.0,11450.0,58946.0
2026-05-22 00:00:00+09:00,11510.0,11840.0,11510.0,11820.0,24583.0
2026-05-26 00:00:00+09:00,11850.0,12060.0,11600.0,11700.0,27345.0
2026-05-27 00:00:00+09:00,11700.0,11720.0,11460.0,11590.0,35249.0
2026-05-28 00:00:00+09:00,11570.0,11600.0,11330.0,11580.0,43217.0
2026-05-29 00:00:00+09:00,11570.0,11670.0,11360.0,11460.0,31891.0
2026-06-01 00:00:00+09:00,11460.0,11750.0,11020.0,11070.0,51744.0
2026-06-02 00:00:00+09:00,11070.0,11200.0,10710.0,11010.0,26204.0
2026-06-04 00:00:00+09:00,11020.0,11600.0,10870.0,10920.0,14998.0
2026-06-05 00:00:00+09:00,10920.0,11000.0,10580.0,10950.0,20878.0
2026-06-08 00:00:00+09:00,10900.0,10950.0,10350.0,10680.0,55348.0
2026-06-09 00:00:00+09:00,10800.0,11050.0,10650.0,11000.0,14954.0
2026-06-10 00:00:00+09:00,11000.0,11300.0,10800.0,11250.0,20740.0
2026-06-11 00:00:00+09:00,11220.0,11280.0,10910.0,11220.0,16045.0
2026-06-12 00:00:00+09:00,11300.0,11560.0,11270.0,11460.0,20278.0
2026-06-15 00:00:00+09:00,11590.0,11850.0,11400.0,11550.0,32979.0
2026-06-16 00:00:00+09:00,11700.0,11800.0,11430.0,11550.0,14417.0
2026-06-17 00:00:00+09:00,11600.0,11740.0,11550.0,11730.0,10833.0
2026-06-18 00:00:00+09:00,11850.0,11850.0,11560.0,11670.0,13119.0
2026-06-19 00:00:00+09:00,11850.0,11850.0,11380.0,11580.0,35729.0
2026-06-22 00:00:00+09:00,11540.0,11570.0,11240.0,11450.0,14940.0
2026-06-23 00:00:00+09:00,11600.0,11600.0,11150.0,11160.0,38455.0
2026-06-24 00:00:00+09:00,11190.0,11370.0,11030.0,11170.0,43512.0
2026-06-25 00:00:00+09:00,11250.0,11310.0,10970.0,11030.0,14775.0
2026-06-26 00:00:00+09:00,11020.0,11040.0,10690.0,10750.0,31162.0
2026-06-29 00:00:00+09:00,10730.0,11140.0,10730.0,10870.0,21397.0
2026-06-30 00:00:00+09:00,11110.0,11350.0,10950.0,11170.0,11851.0
2026-07-01 00:00:00+09:00,11180.0,11340.0,11150.0,11310.0,41980.0
2026-07-02 00:00:00+09:00,11330.0,11370.0,11060.0,11240.0,16896.0
2026-07-03 00:00:00+09:00,11240.0,11540.0,11100.0,11540.0,19289.0
2026-07-06 00:00:00+09:00,11550.0,11650.0,11250.0,11380.0,30074.0
2026-07-07 00:00:00+09:00,11460.0,11790.0,11380.0,11490.0,18326.0
2026-07-08 00:00:00+09:00,11490.0,11630.0,11380.0,11420.0,19985.0
2026-07-09 00:00:00+09:00,11620.0,11620.0,11350.0,11450.0,17119.0
2026-07-10 00:00:00+09:00,11450.0,11990.0,11450.0,11990.0,28021.0
2026-07-13 00:00:00+09:00,11990.0,12240.0,11670.0,11810.0,27849.0
2026-07-14 00:00:00+09:00,11700.0,11990.0,11690.0,11910.0,70535.0
2026-07-15 00:00:00+09:00,12100.0,12250.0,11960.0,12250.0,19214.0
2026-07-16 00:00:00+09:00,12250.0,12470.0,12120.0,12360.0,13138.0
2026-07-20 00:00:00+09:00,12390.0,12480.0,11680.0,12050.0,28763.0
2026-07-21 00:00:00+09:00,12040.0,12040.0,11710.0,12010.0,7762.0
2026-07-22 00:00:00+09:00,11920.0,12180.0,11920.0,11920.0,15629.0
2026-07-23 00:00:00+09:00,11920.0,12140.0,11920.0,12070.0,6757.0
2026-07-24 00:00:00+09:00,11970.0,12240.0,11900.0,11900.0,27351.0
2026-07-27 00:00:00+09:00,11930.0,12210.0,11740.0,11900.0,14939.0
2026-07-28 00:00:00+09:00,12100.0,12100.0,11500.0,11660.0,22387.0
2026-07-29 00:00:00+09:00,11700.0,11810.0,11050.0,11250.0,49867.0
2026-07-30 00:00:00+09:00,11250.0,11700.0,11190.0,11420.0,21081.0
2026-07-31 00:00:00+09:00,11600.0,11800.0,11450.0,11780.0,11353.0
2026-08-03 00:00:00+09:00,11850.0,11940.0,11220.0,11850.0,13483.0
2026-08-04 00:00:00+09:00,11850.0,12100.0,11810.0,12100.0,10760.0
2026-08-05 00:00:00+09:00,11990.0,12390.0,11990.0,12250.0,7776.0
2026-08-06 00:00:00+09:00,12310.0,12390.0,12150.0,12240.0,6718.0
2026-08-07 00:00:00+09:00,12240.0,13010.0,12160.0,12430.0,92507.0
2026-08-10 00:00:00+09:00,12700.0,12700.0,12050.0,12440.0,100784.0
2026-08-11 00:00:00+09:00,12440.0,12990.0,12440.0,12620.0,38779.0
2026-08-12 00:00:00+09:00,12620.0,12700.0,12290.0,12460.0,36194.0
2026-08-13 00:00:00+09:00,12650.0,12650.0,12270.0,12350.0,30062.0
2026-08-14 00:00:00+09:00,12350.0,12630.0,12350.0,12350.0,42700.0
2026-08-18 00:00:00+09:00,12410.0,12430.0,12000.0,12090.0,41287.0
2026-08-19 00:00:00+09:00,12220.0,12220.0,11760.0,12000.0,21261.0
2026-08-20 00:00:00+09:00,12030.0,12060.0,11750.0,11980.0,17949.0
2026-08-21 00:00:00+09:00,11980.0,11980.0,11400.0,11500.0,30997.0
2026-08-24 00:00:00+09:00,11500.0,11750.0,11300.0,11620.0,13560.0
2026-08-25 00:00:00+09:00,11620.0,11790.0,11300.0,11790.0,11569.0
2026-08-26 00:00:00+09:00,11790.0,11860.0,11620.0,11840.0,14836.0
2026-08-27 00:00:00+09:00,11840.0,11850.0,11690.0,11780.0,19567.0
2026-08-28 00:00:00+09:00,11680.0,11830.0,11640.0,11810.0,9808.0
2026-08-31 00:00:00+09:00,11810.0,11880.0,11570.0,11800.0,9672.0
2026-09-01 00:00:00+09:00,11830.0,11930.0,11690.0,11930.0,8034.0
2026-09-02 00:00:00+09:00,11920.0,11920.0,11630.0,11810.0,10413.0
2026-09-03 00:00:00+09:00,11900.0,11930.0,11640.0,11860.0,25310.0
2026-09-04 00:00:00+09:00,11880.0,11880.0,11770.0,11800.0,7310.0
2026-09-07 00:00:00+09:00,11900.0,11900.0,11740.0,11760.0,2614.0
